{
	"info": {
		"_postman_id": "ef0c12f4-23d8-44db-9251-0eeb87b2ade7",
		"name": "Video Conversion Collection",
		"schema": "https://schema.getpostman.com/json/collection/v2.1.0/collection.json"
	},
	"item": [
		{
			"name": "License #",
			"request": {
				"method": "GET",
				"header": [],
				"url": {
					"raw": "http://localhost/webservice/api/clients/123231?filter=test",
					"protocol": "http",
					"host": [
						"localhost"
					],
					"path": [
						"webservice",
						"api",
						"clients",
						"123231"
					],
					"query": [
						{
							"key": "filter",
							"value": "test",
							"description": "filter test value"
						}
					]
				}
			},
			"response": []
		},
		{
			"name": "POST",
			"request": {
				"method": "POST",
				"header": [],
				"url": {
					"raw": "http://localhost/webservice/api/clients/123231",
					"protocol": "http",
					"host": [
						"localhost"
					],
					"path": [
						"webservice",
						"api",
						"clients",
						"123231"
					]
				}
			},
			"response": []
		}
	]
}